Destination URL,Sample Time Duration (s),Number of Hops,Address 1,Latency (s),Address 2,Latency (s),Address 3,Latency (s),Address 4,Latency (s),Address 5,Latency (s),Address 6,Latency (s),Address 7,Latency (s),Address 8,Latency (s),Address 9,Latency (s),Address 10,Latency (s),Address 11,Latency (s),Address 12,Latency (s),Address 13,Latency (s),Address 14,Latency (s),Address 15,Latency (s),Address 16,Latency (s),Address 17,Latency (s),Address 18,Latency (s),Address 19,Latency (s),Address 20,Latency (s),Address 21,Latency (s),Address 22,Latency (s),Address 23,Latency (s),Address 24,Latency (s),Address 25,Latency (s),Address 26,Latency (s),Address 27,Latency (s),Address 28,Latency (s),Address 29,Latency (s),Address 30,Latency (s),
facebook.com,4.352225065231323,9,100.64.0.1 (100.64.0.1),14.377,cls2-edge-05.inet.qwest.net (65.144.210.121),5.142333333333333,dvr3-edge-01.inet.qwest.net (205.171.210.5),16.856333333333335,ae-16.edge8.denver1.level3.net (4.68.37.49),9.405000000000001,ae14.pr02.den4.tfbnw.net (157.240.80.140),12.350999999999999,po102.psw04.den4.tfbnw.net (157.240.48.85),7.978,po102.psw03.den4.tfbnw.net (157.240.46.207),7.163,173.252.67.167 (173.252.67.167),7.345,173.252.67.113 (173.252.67.113),7.732,173.252.67.157 (173.252.67.157),7.742,edge-star-mini-shv-01-den4.facebook.com (157.240.28.35),7.244666666666667,
youtube.com,5.313215970993042,7,100.64.0.1 (100.64.0.1),5.547999999999999,cls2-edge-05.inet.qwest.net (65.144.210.121),6.117333333333334,dvr3-edge-01.inet.qwest.net (205.171.210.5),13.780666666666667,72.14.219.162 (72.14.219.162),7.62,72.14.213.218 (72.14.213.218),8.472,108.170.252.193 (108.170.252.193),9.36,108.170.252.209 (108.170.252.209),19.508,142.251.61.180 (142.251.61.180),9.418,142.251.51.221 (142.251.51.221),7.86,den08s06-in-f14.1e100.net (142.250.72.14),8.041,
google.com,3.442919969558716,8,100.64.0.1 (100.64.0.1),4.5040000000000004,cls2-edge-05.inet.qwest.net (65.144.210.121),8.097,dvr3-edge-01.inet.qwest.net (205.171.210.5),10.476666666666667,72.14.219.162 (72.14.219.162),7.673333333333333,108.170.252.209 (108.170.252.209),9.276000000000002,142.251.61.182 (142.251.61.182),9.363,142.251.51.221 (142.251.51.221),7.835,142.251.61.179 (142.251.61.179),7.156,den08s06-in-f14.1e100.net (142.250.72.14),10.067,
twitter.com,8.50901198387146,9,100.64.0.1 (100.64.0.1),4.153666666666667,cls2-edge-05.inet.qwest.net (65.144.210.121),6.7236666666666665,dvr3-edge-01.inet.qwest.net (205.171.210.5),8.007333333333333,ae-16.edge8.denver1.level3.net (4.68.37.49),8.252,ae-4-15.edge5.dallas3.level3.net (4.69.208.233),24.349,ae-3-5.edge5.dallas3.level3.net (4.69.208.229),23.215,4.59.36.126 (4.59.36.126),25.989666666666665,104.244.42.65 (104.244.42.65),40.172666666666665,
wordpress.com,7.501050710678101,9,100.64.0.1 (100.64.0.1),4.242,cls2-edge-05.inet.qwest.net (65.144.210.121),8.651333333333334,dvr3-edge-01.inet.qwest.net (205.171.210.5),7.718333333333334,ae-16.edge8.denver1.level3.net (4.68.37.49),8.308666666666667,den-b1-link.ip.twelve99.net (213.248.83.246),8.478,automattic-ic-328544-den-b1.ip.twelve99-cust.net (213.248.83.79),8.735,192.0.78.9 (192.0.78.9),8.673666666666666,
gmail.com,5.434896945953369,7,100.64.0.1 (100.64.0.1),4.302666666666667,cls2-edge-05.inet.qwest.net (65.144.210.121),6.830000000000001,dvr3-edge-01.inet.qwest.net (205.171.210.5),8.683,72.14.213.218 (72.14.213.218),7.505,72.14.219.162 (72.14.219.162),9.399,108.170.252.193 (108.170.252.193),8.312,den08s05-in-f5.1e100.net (142.250.69.229),15.981,142.251.61.181 (142.251.61.181),6.981,142.251.61.183 (142.251.61.183),11.196,
tripadvisor.com,3.5782480239868164,8,100.64.0.1 (100.64.0.1),4.323,cls2-edge-05.inet.qwest.net (65.144.210.121),7.059,dvr3-edge-01.inet.qwest.net (205.171.210.5),8.174666666666667,ae-16.edge8.denver1.level3.net (4.68.37.49),8.481,ae-97.border1.dnn.edgecastcdn.net (152.199.97.204),10.711,ae-118.border1.dnm.edgecastcdn.net (152.199.96.200),8.127,ae-65.core1.dna.edgecastcdn.net (152.199.96.129),9.16,ae-66.core1.dna.edgecastcdn.net (152.199.97.129),7.989000000000001,192.229.162.112 (192.229.162.112),7.989666666666667,
yahoo.com,7.611440181732178,13,100.64.0.1 (100.64.0.1),4.260666666666666,cls2-edge-05.inet.qwest.net (65.144.210.121),7.939,dvr3-edge-01.inet.qwest.net (205.171.210.5),8.72,ae-16.edge8.denver1.level3.net (4.68.37.49),7.999333333333335,ae-2-52.ear3.seattle1.level3.net (4.69.203.169),34.45,yahoo-inc.ear3.seattle1.level3.net (4.16.168.186),37.922333333333334,ae-10.pat2.gqb.yahoo.com (209.191.65.51),56.697,ae-5.pat1.gqb.yahoo.com (209.191.65.49),39.426,unknown.yahoo.com (66.196.67.119),40.66,unknown.yahoo.com (66.196.67.125),39.979,et-18-1-0.msr2.gq1.yahoo.com (66.196.67.115),38.529,unknown.yahoo.com (98.136.158.209),40.826,unknown.yahoo.com (98.136.158.173),39.705,lo0.fab4-1-gdc.gq2.yahoo.com (98.136.159.244),41.557500000000005,lo0.fab6-1-gdc.gq2.yahoo.com (98.136.159.242),39.049,usw2-1-lbc.gq2.yahoo.com (98.136.158.193),38.717,usw1-1-lbc.gq2.yahoo.com (98.136.158.192),38.036,media-router-fp74.prod.media.vip.gq1.yahoo.com (98.137.11.163),39.496,
apple.com,6.508281946182251,8,100.64.0.1 (100.64.0.1),5.337666666666666,cls2-edge-05.inet.qwest.net (65.144.210.121),4.530333333333334,dvr3-edge-01.inet.qwest.net (205.171.210.5),7.904666666666667,ae-16.edge8.denver1.level3.net (4.68.37.49),8.655,4.14.114.90 (4.14.114.90),10.502,applescript.apple.com (17.253.144.10),7.373,
glassdoor.com,3.5682621002197266,8,100.64.0.1 (100.64.0.1),4.087,cls2-edge-05.inet.qwest.net (65.144.210.121),7.498,dvr3-edge-01.inet.qwest.net (205.171.210.5),8.038333333333334,ae-16.edge8.denver1.level3.net (4.68.37.49),9.252,ae-0-11.bar1.kansascity1.level3.net (4.69.159.201),27.887333333333334,4.15.203.102 (4.15.203.102),31.782333333333337,104.17.90.51 (104.17.90.51),32.109,
facebook.com,3.2806789875030518,9,100.64.0.1 (100.64.0.1),3.64,cls2-edge-05.inet.qwest.net (65.144.210.121),11.615666666666668,dvr3-edge-01.inet.qwest.net (205.171.210.5),7.7763333333333335,ae-16.edge8.denver1.level3.net (4.68.37.49),8.668666666666667,ae14.pr02.den4.tfbnw.net (157.240.80.140),7.726333333333334,po102.psw04.den4.tfbnw.net (157.240.48.85),7.874,po102.psw03.den4.tfbnw.net (157.240.46.207),7.463,173.252.67.53 (173.252.67.53),6.327,173.252.67.157 (173.252.67.157),8.248,173.252.67.1 (173.252.67.1),6.965,edge-star-mini-shv-01-den4.facebook.com (157.240.28.35),7.523666666666667,
youtube.com,5.339541912078857,8,100.64.0.1 (100.64.0.1),3.9136666666666664,cls2-edge-05.inet.qwest.net (65.144.210.121),4.892666666666667,dvr3-edge-01.inet.qwest.net (205.171.210.5),8.735,72.14.213.218 (72.14.213.218),7.074,72.14.219.162 (72.14.219.162),8.991,108.170.252.193 (108.170.252.193),7.646,108.170.254.81 (108.170.254.81),21.392,172.253.75.176 (172.253.75.176),7.678,142.251.51.221 (142.251.51.221),8.093,142.251.61.179 (142.251.61.179),6.997,den08s06-in-f14.1e100.net (142.250.72.14),6.867,
google.com,4.200118780136108,8,100.64.0.1 (100.64.0.1),4.0040000000000004,cls2-edge-05.inet.qwest.net (65.144.210.121),8.135666666666667,dvr3-edge-01.inet.qwest.net (205.171.210.5),8.299666666666667,72.14.213.218 (72.14.213.218),8.101,72.14.219.162 (72.14.219.162),7.208,108.170.252.209 (108.170.252.209),8.278,108.170.252.193 (108.170.252.193),16.762,142.251.61.179 (142.251.61.179),7.455,142.251.51.221 (142.251.51.221),8.477,den08s06-in-f14.1e100.net (142.250.72.14),7.299333333333334,
twitter.com,6.462378978729248,9,100.64.0.1 (100.64.0.1),4.676,cls2-edge-05.inet.qwest.net (65.144.210.121),14.373,dvr3-edge-01.inet.qwest.net (205.171.210.5),17.176333333333336,ae-16.edge8.denver1.level3.net (4.68.37.49),10.377999999999998,ae-4-15.edge5.dallas3.level3.net (4.69.208.233),24.143,4.59.36.126 (4.59.36.126),24.59766666666667,104.244.42.65 (104.244.42.65),42.01366666666667,
wordpress.com,6.227002859115601,9,100.64.0.1 (100.64.0.1),4.169333333333333,cls2-edge-05.inet.qwest.net (65.144.210.121),4.587,dvr3-edge-01.inet.qwest.net (205.171.210.5),11.498,ae-16.edge8.denver1.level3.net (4.68.37.49),9.246666666666668,den-b1-link.ip.twelve99.net (213.248.83.246),10.759,automattic-ic-328544-den-b1.ip.twelve99-cust.net (213.248.83.79),8.870333333333333,192.0.78.9 (192.0.78.9),8.345999999999998,
gmail.com,3.4076690673828125,8,100.64.0.1 (100.64.0.1),4.750333333333334,cls2-edge-05.inet.qwest.net (65.144.210.121),8.178333333333333,dvr3-edge-01.inet.qwest.net (205.171.210.5),7.457666666666667,72.14.219.162 (72.14.219.162),11.029,72.14.213.218 (72.14.213.218),7.841,108.170.252.209 (108.170.252.209),8.87,108.170.252.193 (108.170.252.193),8.1315,142.251.61.178 (142.251.61.178),11.875,142.251.51.220 (142.251.51.220),7.217,108.170.254.81 (108.170.254.81),8.604,den08s05-in-f5.1e100.net (142.250.69.229),7.1256666666666675,
tripadvisor.com,3.231520175933838,8,100.64.0.1 (100.64.0.1),4.693666666666667,cls2-edge-05.inet.qwest.net (65.144.210.121),6.911333333333334,dvr3-edge-01.inet.qwest.net (205.171.210.5),12.421,ae-16.edge8.denver1.level3.net (4.68.37.49),8.146333333333333,ae-97.border1.dnn.edgecastcdn.net (152.199.97.204),8.151000000000002,ae-66.core1.dna.edgecastcdn.net (152.199.97.129),10.087,ae-65.core1.dna.edgecastcdn.net (152.199.96.129),7.826,192.229.162.112 (192.229.162.112),8.208333333333334,
yahoo.com,4.17851996421814,13,100.64.0.1 (100.64.0.1),4.178,cls2-edge-05.inet.qwest.net (65.144.210.121),9.779000000000002,dvr3-edge-01.inet.qwest.net (205.171.210.5),9.370666666666667,ae-16.edge8.denver1.level3.net (4.68.37.49),12.681333333333333,ae-2-52.ear3.seattle1.level3.net (4.69.203.169),34.23466666666667,yahoo-inc.ear3.seattle1.level3.net (4.16.168.186),36.024,ae-10.pat2.gqb.yahoo.com (209.191.65.51),39.5175,ae-5.pat1.gqb.yahoo.com (209.191.65.49),38.956,et-1-0-0.msr2.gq1.yahoo.com (66.196.67.113),41.023,unknown.yahoo.com (66.196.67.127),39.987,et-1-0-0.msr1.gq1.yahoo.com (66.196.67.101),39.196,unknown.yahoo.com (98.136.158.211),38.96,unknown.yahoo.com (98.136.158.217),38.899,unknown.yahoo.com (98.136.158.219),38.752,lo0.fab6-1-gdc.gq2.yahoo.com (98.136.159.242),38.747,lo0.fab7-1-gdc.gq2.yahoo.com (98.136.159.241),40.943,usw1-1-lbc.gq2.yahoo.com (98.136.158.192),38.581,usw2-1-lbc.gq2.yahoo.com (98.136.158.193),39.1185,media-router-fp74.prod.media.vip.gq1.yahoo.com (98.137.11.163),38.15466666666667,
apple.com,6.336150884628296,8,100.64.0.1 (100.64.0.1),4.088333333333334,cls2-edge-05.inet.qwest.net (65.144.210.121),10.658666666666667,dvr3-edge-01.inet.qwest.net (205.171.210.5),8.332666666666666,ae-16.edge8.denver1.level3.net (4.68.37.49),8.458,4.14.114.90 (4.14.114.90),55.24266666666666,applescript.apple.com (17.253.144.10),7.884,
glassdoor.com,3.4068961143493652,8,100.64.0.1 (100.64.0.1),4.517,cls2-edge-05.inet.qwest.net (65.144.210.121),4.691666666666667,dvr3-edge-01.inet.qwest.net (205.171.210.5),8.139333333333333,ae-16.edge8.denver1.level3.net (4.68.37.49),10.295333333333332,ae-0-11.bar1.kansascity1.level3.net (4.69.159.201),29.530666666666672,4.15.203.102 (4.15.203.102),34.24233333333333,104.17.90.51 (104.17.90.51),31.953999999999997,
facebook.com,3.39866304397583,9,100.64.0.1 (100.64.0.1),5.846,cls2-edge-05.inet.qwest.net (65.144.210.121),7.6499999999999995,dvr3-edge-01.inet.qwest.net (205.171.210.5),10.085,ae-16.edge8.denver1.level3.net (4.68.37.49),8.17,ae14.pr02.den4.tfbnw.net (157.240.80.140),15.259,po102.psw02.den4.tfbnw.net (157.240.46.157),7.53,po102.psw01.den4.tfbnw.net (157.240.46.155),15.205,po102.psw03.den4.tfbnw.net (157.240.46.207),9.001,173.252.67.115 (173.252.67.115),7.615,173.252.67.1 (173.252.67.1),6.559,173.252.67.5 (173.252.67.5),6.88,edge-star-mini-shv-01-den4.facebook.com (157.240.28.35),7.972333333333334,
youtube.com,4.295096158981323,7,100.64.0.1 (100.64.0.1),4.292333333333333,cls2-edge-05.inet.qwest.net (65.144.210.121),11.929666666666668,dvr3-edge-01.inet.qwest.net (205.171.210.5),7.311333333333333,72.14.213.218 (72.14.213.218),7.8,72.14.219.162 (72.14.219.162),6.984,108.170.252.209 (108.170.252.209),7.689,108.170.252.193 (108.170.252.193),16.229,108.170.254.81 (108.170.254.81),8.972999999999999,den08s06-in-f14.1e100.net (142.250.72.14),7.907,
google.com,6.362483978271484,8,100.64.0.1 (100.64.0.1),4.005,cls2-edge-05.inet.qwest.net (65.144.210.121),8.248333333333335,dvr3-edge-01.inet.qwest.net (205.171.210.5),8.538,72.14.213.218 (72.14.213.218),7.237,72.14.219.162 (72.14.219.162),8.417,108.170.254.81 (108.170.254.81),21.874,142.251.51.221 (142.251.51.221),6.657500000000001,den08s06-in-f14.1e100.net (142.250.72.14),10.641,108.170.254.82 (108.170.254.82),41.767,
twitter.com,6.565922021865845,9,100.64.0.1 (100.64.0.1),3.5773333333333333,cls2-edge-05.inet.qwest.net (65.144.210.121),13.717,dvr3-edge-01.inet.qwest.net (205.171.210.5),7.887999999999999,ae-16.edge8.denver1.level3.net (4.68.37.49),11.132333333333333,ae-4-15.edge5.dallas3.level3.net (4.69.208.233),30.399333333333335,4.59.36.126 (4.59.36.126),25.218666666666667,104.244.42.65 (104.244.42.65),40.52066666666666,
wordpress.com,4.229557037353516,9,100.64.0.1 (100.64.0.1),7.505333333333333,cls2-edge-05.inet.qwest.net (65.144.210.121),7.282666666666667,dvr3-edge-01.inet.qwest.net (205.171.210.5),7.8373333333333335,ae-16.edge8.denver1.level3.net (4.68.37.49),8.377666666666666,den-b1-link.ip.twelve99.net (213.248.83.246),8.303333333333333,automattic-ic-328544-den-b1.ip.twelve99-cust.net (213.248.83.79),7.634333333333333,192.0.78.9 (192.0.78.9),8.464666666666666,
gmail.com,5.31268310546875,8,100.64.0.1 (100.64.0.1),3.9739999999999998,cls2-edge-05.inet.qwest.net (65.144.210.121),8.161666666666667,dvr3-edge-01.inet.qwest.net (205.171.210.5),7.942,72.14.213.218 (72.14.213.218),6.392,72.14.219.162 (72.14.219.162),10.612,108.170.252.209 (108.170.252.209),8.352,142.251.61.181 (142.251.61.181),9.146,142.251.51.220 (142.251.51.220),6.629,142.251.61.178 (142.251.61.178),9.243,den08s05-in-f5.1e100.net (142.250.69.229),7.421,108.170.254.69 (108.170.254.69),8.142,
tripadvisor.com,3.2187352180480957,8,100.64.0.1 (100.64.0.1),4.5343333333333335,cls2-edge-05.inet.qwest.net (65.144.210.121),7.558666666666667,dvr3-edge-01.inet.qwest.net (205.171.210.5),7.006666666666667,ae-16.edge8.denver1.level3.net (4.68.37.49),8.3,ae-118.border1.dnm.edgecastcdn.net (152.199.96.200),7.5,ae-97.border1.dnn.edgecastcdn.net (152.199.97.204),7.5745000000000005,ae-66.core1.dna.edgecastcdn.net (152.199.97.129),8.566,ae-65.core1.dna.edgecastcdn.net (152.199.96.129),9.217,192.229.162.112 (192.229.162.112),8.605666666666666,
yahoo.com,6.089929103851318,13,100.64.0.1 (100.64.0.1),4.065,cls2-edge-05.inet.qwest.net (65.144.210.121),5.713666666666666,dvr3-edge-01.inet.qwest.net (205.171.210.5),9.221333333333334,ae-16.edge8.denver1.level3.net (4.68.37.49),8.374333333333333,yahoo-inc.ear3.seattle1.level3.net (4.16.168.186),37.214666666666666,ae-5.pat1.gqb.yahoo.com (209.191.65.49),38.57,et-18-1-0.msr1.gq1.yahoo.com (66.196.67.103),43.086,et-1-0-0.msr2.gq1.yahoo.com (66.196.67.113),39.033,unknown.yahoo.com (66.196.67.127),43.072,unknown.yahoo.com (98.136.158.201),41.685,unknown.yahoo.com (98.136.158.183),41.794,unknown.yahoo.com (98.136.158.151),48.34,lo0.fab8-1-gdc.gq2.yahoo.com (98.136.159.240),39.484,lo0.fab6-1-gdc.gq2.yahoo.com (98.136.159.242),39.963,lo0.fab7-1-gdc.gq2.yahoo.com (98.136.159.241),40.418,usw1-1-lbc.gq2.yahoo.com (98.136.158.192),38.30466666666667,media-router-fp74.prod.media.vip.gq1.yahoo.com (98.137.11.163),39.19533333333334,
apple.com,6.208517789840698,8,100.64.0.1 (100.64.0.1),3.967,cls2-edge-05.inet.qwest.net (65.144.210.121),9.027333333333333,dvr3-edge-01.inet.qwest.net (205.171.210.5),9.666,ae-16.edge8.denver1.level3.net (4.68.37.49),12.148333333333333,4.14.114.90 (4.14.114.90),9.970999999999998,applescript.apple.com (17.253.144.10),7.737,
glassdoor.com,3.407578706741333,8,100.64.0.1 (100.64.0.1),4.652333333333334,cls2-edge-05.inet.qwest.net (65.144.210.121),4.725666666666666,dvr3-edge-01.inet.qwest.net (205.171.210.5),7.309666666666666,ae-16.edge8.denver1.level3.net (4.68.37.49),9.439666666666668,ae-0-11.bar1.kansascity1.level3.net (4.69.159.201),27.824333333333332,4.15.203.102 (4.15.203.102),37.190333333333335,104.17.90.51 (104.17.90.51),32.51133333333333,
facebook.com,3.270354986190796,9,100.64.0.1 (100.64.0.1),5.295333333333333,cls2-edge-05.inet.qwest.net (65.144.210.121),8.361,dvr3-edge-01.inet.qwest.net (205.171.210.5),7.484666666666667,ae-16.edge8.denver1.level3.net (4.68.37.49),8.398666666666665,ae14.pr02.den4.tfbnw.net (157.240.80.140),8.473333333333333,po102.psw03.den4.tfbnw.net (157.240.46.207),7.303333333333334,173.252.67.161 (173.252.67.161),7.519,173.252.67.159 (173.252.67.159),6.412,173.252.67.115 (173.252.67.115),6.346,edge-star-mini-shv-01-den4.facebook.com (157.240.28.35),8.086333333333334,
youtube.com,5.376503229141235,8,100.64.0.1 (100.64.0.1),3.8219999999999996,cls2-edge-05.inet.qwest.net (65.144.210.121),4.690666666666666,dvr3-edge-01.inet.qwest.net (205.171.210.5),16.984666666666666,72.14.213.218 (72.14.213.218),7.006,72.14.219.162 (72.14.219.162),7.8765,142.251.61.179 (142.251.61.179),14.729,142.251.61.180 (142.251.61.180),7.249,108.170.254.81 (108.170.254.81),9.192,den08s06-in-f14.1e100.net (142.250.72.14),6.644500000000001,142.251.51.221 (142.251.51.221),6.843,
google.com,4.196214914321899,8,100.64.0.1 (100.64.0.1),6.634666666666667,cls2-edge-05.inet.qwest.net (65.144.210.121),7.116333333333333,dvr3-edge-01.inet.qwest.net (205.171.210.5),7.28,72.14.213.218 (72.14.213.218),6.977999999999999,108.170.252.209 (108.170.252.209),12.186,142.251.61.179 (142.251.61.179),7.787,142.251.51.221 (142.251.51.221),9.672,108.170.254.81 (108.170.254.81),8.759,den08s06-in-f14.1e100.net (142.250.72.14),7.4585,
twitter.com,6.450049877166748,9,100.64.0.1 (100.64.0.1),3.516,cls2-edge-05.inet.qwest.net (65.144.210.121),6.497666666666667,dvr3-edge-01.inet.qwest.net (205.171.210.5),24.393,ae-16.edge8.denver1.level3.net (4.68.37.49),8.479333333333335,ae-4-15.edge5.dallas3.level3.net (4.69.208.233),23.174999999999997,ae-3-5.edge5.dallas3.level3.net (4.69.208.229),23.297,4.59.36.126 (4.59.36.126),26.184,104.244.42.65 (104.244.42.65),41.492,
wordpress.com,6.477912902832031,9,100.64.0.1 (100.64.0.1),3.672333333333333,cls2-edge-05.inet.qwest.net (65.144.210.121),8.815666666666667,dvr3-edge-01.inet.qwest.net (205.171.210.5),8.382,ae-16.edge8.denver1.level3.net (4.68.37.49),16.616333333333333,den-b1-link.ip.twelve99.net (213.248.83.246),55.038666666666664,automattic-ic-328544-den-b1.ip.twelve99-cust.net (213.248.83.79),31.775000000000002,192.0.78.9 (192.0.78.9),18.998,
gmail.com,3.209904909133911,7,100.64.0.1 (100.64.0.1),7.915333333333333,cls2-edge-05.inet.qwest.net (65.144.210.121),7.800666666666667,dvr3-edge-01.inet.qwest.net (205.171.210.5),9.417666666666667,72.14.213.218 (72.14.213.218),7.169,72.14.219.162 (72.14.219.162),10.769,108.170.252.193 (108.170.252.193),8.011,108.170.252.209 (108.170.252.209),8.468,142.251.61.181 (142.251.61.181),6.755333333333333,den08s05-in-f5.1e100.net (142.250.69.229),8.1815,
tripadvisor.com,3.2579052448272705,8,100.64.0.1 (100.64.0.1),10.791666666666666,cls2-edge-05.inet.qwest.net (65.144.210.121),9.497666666666667,dvr3-edge-01.inet.qwest.net (205.171.210.5),9.366666666666667,ae-16.edge8.denver1.level3.net (4.68.37.49),8.554333333333334,ae-97.border1.dnn.edgecastcdn.net (152.199.97.204),7.673,ae-118.border1.dnm.edgecastcdn.net (152.199.96.200),9.005,ae-66.core1.dna.edgecastcdn.net (152.199.97.129),8.474,ae-65.core1.dna.edgecastcdn.net (152.199.96.129),11.044,192.229.162.112 (192.229.162.112),8.677,
yahoo.com,7.175094127655029,13,100.64.0.1 (100.64.0.1),5.8933333333333335,cls2-edge-05.inet.qwest.net (65.144.210.121),4.2363333333333335,dvr3-edge-01.inet.qwest.net (205.171.210.5),8.680666666666665,ae-16.edge8.denver1.level3.net (4.68.37.49),12.291000000000002,yahoo-inc.ear3.seattle1.level3.net (4.16.168.186),39.505,ae-10.pat2.gqb.yahoo.com (209.191.65.51),38.199,ae-5.pat1.gqb.yahoo.com (209.191.65.49),45.305,et-19-1-0.msr2.gq1.yahoo.com (66.196.67.111),43.308,unknown.yahoo.com (66.196.67.127),39.311,et-18-1-0.msr1.gq1.yahoo.com (66.196.67.103),41.098,unknown.yahoo.com (98.136.158.173),38.604,unknown.yahoo.com (98.136.158.175),41.056,et-11-3-2.clr2-a-sat.gq1.yahoo.com (67.195.37.119),55.342,lo0.fab1-1-gdc.gq2.yahoo.com (98.136.159.247),44.363,lo0.fab5-1-gdc.gq2.yahoo.com (98.136.159.243),38.757,lo0.fab2-1-gdc.gq2.yahoo.com (98.136.159.246),38.439,usw2-1-lbc.gq2.yahoo.com (98.136.158.193),38.676500000000004,usw1-1-lbc.gq2.yahoo.com (98.136.158.192),38.194,media-router-fp74.prod.media.vip.gq1.yahoo.com (98.137.11.163),38.446,
apple.com,6.234814882278442,8,100.64.0.1 (100.64.0.1),3.9326666666666665,cls2-edge-05.inet.qwest.net (65.144.210.121),7.174666666666667,dvr3-edge-01.inet.qwest.net (205.171.210.5),11.784666666666666,ae-16.edge8.denver1.level3.net (4.68.37.49),18.351,4.14.114.90 (4.14.114.90),10.087333333333333,applescript.apple.com (17.253.144.10),6.549,
glassdoor.com,3.3996870517730713,8,100.64.0.1 (100.64.0.1),3.894666666666666,cls2-edge-05.inet.qwest.net (65.144.210.121),7.977666666666667,dvr3-edge-01.inet.qwest.net (205.171.210.5),7.791666666666667,ae-16.edge8.denver1.level3.net (4.68.37.49),9.494,ae-0-11.bar1.kansascity1.level3.net (4.69.159.201),27.73466666666667,4.15.203.102 (4.15.203.102),32.86533333333333,104.17.90.51 (104.17.90.51),31.586,
facebook.com,3.3136720657348633,9,100.64.0.1 (100.64.0.1),4.2540000000000004,cls2-edge-05.inet.qwest.net (65.144.210.121),5.741333333333333,dvr3-edge-01.inet.qwest.net (205.171.210.5),7.571000000000001,ae-16.edge8.denver1.level3.net (4.68.37.49),8.190333333333333,ae14.pr02.den4.tfbnw.net (157.240.80.140),19.23,po102.psw04.den4.tfbnw.net (157.240.48.85),7.496,po102.psw02.den4.tfbnw.net (157.240.46.157),7.169,po102.psw01.den4.tfbnw.net (157.240.46.155),8.71,173.252.67.5 (173.252.67.5),7.492,173.252.67.109 (173.252.67.109),8.071,173.252.67.107 (173.252.67.107),12.337,edge-star-mini-shv-01-den4.facebook.com (157.240.28.35),7.890333333333333,
youtube.com,5.377344131469727,8,100.64.0.1 (100.64.0.1),4.249,cls2-edge-05.inet.qwest.net (65.144.210.121),4.520666666666667,dvr3-edge-01.inet.qwest.net (205.171.210.5),8.508666666666667,72.14.213.218 (72.14.213.218),7.057,72.14.219.162 (72.14.219.162),10.144,142.251.61.179 (142.251.61.179),8.522,142.251.61.180 (142.251.61.180),8.145,142.251.51.221 (142.251.51.221),8.566,den08s06-in-f14.1e100.net (142.250.72.14),8.783666666666667,
google.com,5.1756980419158936,8,100.64.0.1 (100.64.0.1),4.764,cls2-edge-05.inet.qwest.net (65.144.210.121),3.953333333333333,dvr3-edge-01.inet.qwest.net (205.171.210.5),8.313,72.14.213.218 (72.14.213.218),7.116,72.14.219.162 (72.14.219.162),8.7345,142.251.61.179 (142.251.61.179),7.974,108.170.254.81 (108.170.254.81),9.425,den08s06-in-f14.1e100.net (142.250.72.14),6.937,
twitter.com,6.507207870483398,9,100.64.0.1 (100.64.0.1),4.724666666666667,cls2-edge-05.inet.qwest.net (65.144.210.121),7.576666666666665,dvr3-edge-01.inet.qwest.net (205.171.210.5),7.4750000000000005,ae-16.edge8.denver1.level3.net (4.68.37.49),7.9316666666666675,ae-4-15.edge5.dallas3.level3.net (4.69.208.233),23.799999999999997,4.59.36.126 (4.59.36.126),24.25066666666667,104.244.42.65 (104.244.42.65),38.63766666666667,
wordpress.com,6.231384992599487,9,100.64.0.1 (100.64.0.1),4.140666666666667,cls2-edge-05.inet.qwest.net (65.144.210.121),8.142,dvr3-edge-01.inet.qwest.net (205.171.210.5),7.887333333333334,ae-16.edge8.denver1.level3.net (4.68.37.49),12.124333333333334,den-b1-link.ip.twelve99.net (213.248.83.246),11.178666666666667,automattic-ic-328544-den-b1.ip.twelve99-cust.net (213.248.83.79),7.186333333333333,192.0.78.9 (192.0.78.9),8.879,
gmail.com,4.426442384719849,7,100.64.0.1 (100.64.0.1),3.9459999999999997,cls2-edge-05.inet.qwest.net (65.144.210.121),7.471333333333333,dvr3-edge-01.inet.qwest.net (205.171.210.5),7.587,72.14.213.218 (72.14.213.218),7.625,72.14.219.162 (72.14.219.162),8.4575,142.251.61.183 (142.251.61.183),7.5329999999999995,142.251.61.181 (142.251.61.181),6.868,den08s05-in-f5.1e100.net (142.250.69.229),8.4395,
tripadvisor.com,3.2312047481536865,8,100.64.0.1 (100.64.0.1),6.295333333333333,cls2-edge-05.inet.qwest.net (65.144.210.121),7.587666666666666,dvr3-edge-01.inet.qwest.net (205.171.210.5),9.329,ae-16.edge8.denver1.level3.net (4.68.37.49),8.755,ae-97.border1.dnn.edgecastcdn.net (152.199.97.204),7.933999999999999,ae-118.border1.dnm.edgecastcdn.net (152.199.96.200),8.172,ae-66.core1.dna.edgecastcdn.net (152.199.97.129),9.043666666666667,192.229.162.112 (192.229.162.112),7.798000000000001,
yahoo.com,8.19199514389038,13,100.64.0.1 (100.64.0.1),4.096666666666667,cls2-edge-05.inet.qwest.net (65.144.210.121),7.708333333333335,dvr3-edge-01.inet.qwest.net (205.171.210.5),7.16,ae-16.edge8.denver1.level3.net (4.68.37.49),10.111333333333334,yahoo-inc.ear3.seattle1.level3.net (4.16.168.186),138.23366666666666,ae-5.pat1.gqb.yahoo.com (209.191.65.49),129.52533333333335,unknown.yahoo.com (66.196.67.31),139.084,et-19-1-0.msr1.gq1.yahoo.com (66.196.67.99),165.862,unknown.yahoo.com (66.196.67.123),160.95,unknown.yahoo.com (98.136.158.183),149.717,unknown.yahoo.com (98.136.158.203),38.567,unknown.yahoo.com (98.136.158.217),39.127,lo0.fab8-1-gdc.gq2.yahoo.com (98.136.159.240),38.659,lo0.fab3-1-gdc.gq2.yahoo.com (98.136.159.245),42.371,lo0.fab4-1-gdc.gq2.yahoo.com (98.136.159.244),42.051,usw2-1-lbc.gq2.yahoo.com (98.136.158.193),38.582,usw1-1-lbc.gq2.yahoo.com (98.136.158.192),38.329,media-router-fp74.prod.media.vip.gq1.yahoo.com (98.137.11.163),40.052,
apple.com,6.198777914047241,8,100.64.0.1 (100.64.0.1),4.026333333333333,cls2-edge-05.inet.qwest.net (65.144.210.121),7.504666666666666,dvr3-edge-01.inet.qwest.net (205.171.210.5),8.004333333333333,ae-16.edge8.denver1.level3.net (4.68.37.49),7.666666666666667,4.14.114.90 (4.14.114.90),13.316333333333333,applescript.apple.com (17.253.144.10),7.541,
glassdoor.com,3.4008381366729736,8,100.64.0.1 (100.64.0.1),4.369666666666666,cls2-edge-05.inet.qwest.net (65.144.210.121),7.122,dvr3-edge-01.inet.qwest.net (205.171.210.5),7.456666666666667,ae-16.edge8.denver1.level3.net (4.68.37.49),12.174,ae-0-11.bar1.kansascity1.level3.net (4.69.159.201),27.291,4.15.203.102 (4.15.203.102),31.457666666666668,104.17.90.51 (104.17.90.51),31.716333333333335,
facebook.com,3.2384860515594482,9,100.64.0.1 (100.64.0.1),3.824,cls2-edge-05.inet.qwest.net (65.144.210.121),7.002,dvr3-edge-01.inet.qwest.net (205.171.210.5),8.228666666666667,ae-16.edge8.denver1.level3.net (4.68.37.49),7.3,ae14.pr02.den4.tfbnw.net (157.240.80.140),8.170666666666667,po102.psw01.den4.tfbnw.net (157.240.46.155),7.621499999999999,po102.psw04.den4.tfbnw.net (157.240.48.85),7.882,173.252.67.107 (173.252.67.107),7.399,173.252.67.7 (173.252.67.7),6.831,edge-star-mini-shv-01-den4.facebook.com (157.240.28.35),7.349666666666667,
youtube.com,3.439785957336426,8,100.64.0.1 (100.64.0.1),4.209333333333333,cls2-edge-05.inet.qwest.net (65.144.210.121),5.881666666666667,dvr3-edge-01.inet.qwest.net (205.171.210.5),7.4143333333333326,72.14.219.162 (72.14.219.162),7.4623333333333335,108.170.252.193 (108.170.252.193),10.56,108.170.252.209 (108.170.252.209),8.873,142.251.61.179 (142.251.61.179),8.513,142.251.51.221 (142.251.51.221),7.516,142.251.61.182 (142.251.61.182),10.055,den08s06-in-f14.1e100.net (142.250.72.14),7.951,108.170.254.66 (108.170.254.66),7.894,
google.com,4.18143892288208,7,100.64.0.1 (100.64.0.1),3.8783333333333334,cls2-edge-05.inet.qwest.net (65.144.210.121),7.460999999999999,dvr3-edge-01.inet.qwest.net (205.171.210.5),8.369666666666667,72.14.219.162 (72.14.219.162),9.858,72.14.213.218 (72.14.213.218),9.6795,108.170.252.193 (108.170.252.193),13.329,142.251.61.182 (142.251.61.182),9.633,142.251.61.179 (142.251.61.179),7.602,den08s06-in-f14.1e100.net (142.250.72.14),10.208,
twitter.com,6.453619956970215,9,100.64.0.1 (100.64.0.1),4.9590000000000005,cls2-edge-05.inet.qwest.net (65.144.210.121),8.511000000000001,dvr3-edge-01.inet.qwest.net (205.171.210.5),9.304666666666666,ae-16.edge8.denver1.level3.net (4.68.37.49),7.599333333333334,ae-3-5.edge5.dallas3.level3.net (4.69.208.229),32.7475,ae-4-15.edge5.dallas3.level3.net (4.69.208.233),27.13,4.59.36.126 (4.59.36.126),34.61666666666667,104.244.42.65 (104.244.42.65),38.88633333333333,
wordpress.com,6.253604173660278,9,100.64.0.1 (100.64.0.1),5.133,cls2-edge-05.inet.qwest.net (65.144.210.121),5.482666666666667,dvr3-edge-01.inet.qwest.net (205.171.210.5),7.820666666666668,ae-16.edge8.denver1.level3.net (4.68.37.49),14.763666666666666,den-b1-link.ip.twelve99.net (213.248.83.246),13.740333333333334,automattic-ic-328544-den-b1.ip.twelve99-cust.net (213.248.83.79),12.338666666666667,192.0.78.9 (192.0.78.9),10.41,
gmail.com,5.220129013061523,8,100.64.0.1 (100.64.0.1),5.224333333333334,cls2-edge-05.inet.qwest.net (65.144.210.121),5.490666666666667,dvr3-edge-01.inet.qwest.net (205.171.210.5),7.664333333333334,72.14.219.162 (72.14.219.162),7.916333333333334,108.170.252.193 (108.170.252.193),11.779,108.170.254.81 (108.170.254.81),18.932,142.251.61.181 (142.251.61.181),7.2105,den08s05-in-f5.1e100.net (142.250.69.229),7.187666666666666,
tripadvisor.com,3.2301690578460693,8,100.64.0.1 (100.64.0.1),4.700666666666667,cls2-edge-05.inet.qwest.net (65.144.210.121),8.512333333333332,dvr3-edge-01.inet.qwest.net (205.171.210.5),7.312333333333334,ae-16.edge8.denver1.level3.net (4.68.37.49),7.648666666666666,ae-97.border1.dnn.edgecastcdn.net (152.199.97.204),10.226,ae-118.border1.dnm.edgecastcdn.net (152.199.96.200),7.466,ae-65.core1.dna.edgecastcdn.net (152.199.96.129),13.396,ae-66.core1.dna.edgecastcdn.net (152.199.97.129),12.1045,192.229.162.112 (192.229.162.112),8.478333333333333,
yahoo.com,7.238563776016235,13,100.64.0.1 (100.64.0.1),4.5776666666666666,cls2-edge-05.inet.qwest.net (65.144.210.121),7.733333333333333,dvr3-edge-01.inet.qwest.net (205.171.210.5),8.447000000000001,ae-16.edge8.denver1.level3.net (4.68.37.49),7.538,yahoo-inc.ear3.seattle1.level3.net (4.16.168.186),35.233000000000004,ae-5.pat1.gqb.yahoo.com (209.191.65.49),41.141,unknown.yahoo.com (66.196.67.125),41.144,et-0-0-0.msr2.gq1.yahoo.com (66.196.67.109),54.781,unknown.yahoo.com (66.196.67.127),39.902,unknown.yahoo.com (98.136.158.219),45.400499999999994,unknown.yahoo.com (98.136.158.213),41.089,lo0.fab3-1-gdc.gq2.yahoo.com (98.136.159.245),38.903,lo0.fab5-1-gdc.gq2.yahoo.com (98.136.159.243),38.505,lo0.fab7-1-gdc.gq2.yahoo.com (98.136.159.241),38.399,usw1-1-lbc.gq2.yahoo.com (98.136.158.192),41.775999999999996,usw2-1-lbc.gq2.yahoo.com (98.136.158.193),38.716,media-router-fp74.prod.media.vip.gq1.yahoo.com (98.137.11.163),42.452333333333335,
apple.com,6.227636098861694,8,100.64.0.1 (100.64.0.1),6.210000000000001,cls2-edge-05.inet.qwest.net (65.144.210.121),7.626666666666668,dvr3-edge-01.inet.qwest.net (205.171.210.5),11.405999999999999,ae-16.edge8.denver1.level3.net (4.68.37.49),16.49,4.14.114.90 (4.14.114.90),10.338333333333333,applescript.apple.com (17.253.144.10),7.513,
glassdoor.com,3.426954984664917,8,100.64.0.1 (100.64.0.1),5.701,cls2-edge-05.inet.qwest.net (65.144.210.121),7.805,dvr3-edge-01.inet.qwest.net (205.171.210.5),8.102666666666666,ae-16.edge8.denver1.level3.net (4.68.37.49),14.760666666666667,ae-0-11.bar1.kansascity1.level3.net (4.69.159.201),28.704666666666668,4.15.203.102 (4.15.203.102),32.303333333333335,104.17.90.51 (104.17.90.51),32.644,
facebook.com,3.35015606880188,9,100.64.0.1 (100.64.0.1),4.009,cls2-edge-05.inet.qwest.net (65.144.210.121),7.230666666666667,dvr3-edge-01.inet.qwest.net (205.171.210.5),8.418666666666669,ae-16.edge8.denver1.level3.net (4.68.37.49),9.224333333333334,ae14.pr02.den4.tfbnw.net (157.240.80.140),7.72,po102.psw03.den4.tfbnw.net (157.240.46.207),10.996,po102.psw04.den4.tfbnw.net (157.240.48.85),9.759,po102.psw01.den4.tfbnw.net (157.240.46.155),7.481,173.252.67.165 (173.252.67.165),9.702,173.252.67.59 (173.252.67.59),7.751,173.252.67.61 (173.252.67.61),10.087,edge-star-mini-shv-01-den4.facebook.com (157.240.28.35),11.93,
youtube.com,6.435708999633789,7,100.64.0.1 (100.64.0.1),17.893,cls2-edge-05.inet.qwest.net (65.144.210.121),13.326666666666666,dvr3-edge-01.inet.qwest.net (205.171.210.5),10.882666666666665,72.14.219.162 (72.14.219.162),7.022,72.14.213.218 (72.14.213.218),9.623000000000001,108.170.254.81 (108.170.254.81),15.049,142.251.51.221 (142.251.51.221),6.823,142.251.61.179 (142.251.61.179),8.556,den08s06-in-f14.1e100.net (142.250.72.14),6.993,
google.com,4.266620874404907,8,100.64.0.1 (100.64.0.1),3.4490000000000003,cls2-edge-05.inet.qwest.net (65.144.210.121),6.385000000000001,dvr3-edge-01.inet.qwest.net (205.171.210.5),7.5343333333333335,72.14.219.162 (72.14.219.162),8.128,72.14.213.218 (72.14.213.218),8.087,108.170.252.209 (108.170.252.209),9.053,108.170.252.193 (108.170.252.193),15.85,108.170.254.81 (108.170.254.81),10.405000000000001,142.251.61.179 (142.251.61.179),7.352,142.251.51.221 (142.251.51.221),7.771,den08s06-in-f14.1e100.net (142.250.72.14),6.983,
twitter.com,6.551386833190918,9,100.64.0.1 (100.64.0.1),4.112666666666667,cls2-edge-05.inet.qwest.net (65.144.210.121),6.991666666666667,dvr3-edge-01.inet.qwest.net (205.171.210.5),7.2,ae-16.edge8.denver1.level3.net (4.68.37.49),8.026333333333334,ae-3-5.edge5.dallas3.level3.net (4.69.208.229),35.8685,ae-4-15.edge5.dallas3.level3.net (4.69.208.233),24.448,4.59.36.126 (4.59.36.126),26.348,104.244.42.65 (104.244.42.65),39.94866666666667,
wordpress.com,4.281013250350952,9,100.64.0.1 (100.64.0.1),4.316999999999999,cls2-edge-05.inet.qwest.net (65.144.210.121),8.204333333333333,dvr3-edge-01.inet.qwest.net (205.171.210.5),8.657666666666666,ae-16.edge8.denver1.level3.net (4.68.37.49),7.524,den-b1-link.ip.twelve99.net (213.248.83.246),10.120666666666667,automattic-ic-328544-den-b1.ip.twelve99-cust.net (213.248.83.79),7.79,192.0.78.9 (192.0.78.9),8.622666666666667,
gmail.com,4.297339200973511,7,100.64.0.1 (100.64.0.1),4.458333333333333,cls2-edge-05.inet.qwest.net (65.144.210.121),9.496333333333332,dvr3-edge-01.inet.qwest.net (205.171.210.5),8.260666666666667,72.14.219.162 (72.14.219.162),8.622666666666667,108.170.252.193 (108.170.252.193),12.3275,142.251.61.181 (142.251.61.181),12.614,den08s05-in-f5.1e100.net (142.250.69.229),7.821,
tripadvisor.com,3.234171152114868,8,100.64.0.1 (100.64.0.1),3.671666666666667,cls2-edge-05.inet.qwest.net (65.144.210.121),7.206666666666666,dvr3-edge-01.inet.qwest.net (205.171.210.5),7.0793333333333335,ae-16.edge8.denver1.level3.net (4.68.37.49),9.187333333333333,ae-118.border1.dnm.edgecastcdn.net (152.199.96.200),8.607,ae-65.core1.dna.edgecastcdn.net (152.199.96.129),9.327333333333334,192.229.162.112 (192.229.162.112),7.606000000000001,
yahoo.com,7.007452726364136,13,100.64.0.1 (100.64.0.1),4.082333333333334,cls2-edge-05.inet.qwest.net (65.144.210.121),7.228000000000001,dvr3-edge-01.inet.qwest.net (205.171.210.5),8.245666666666667,ae-16.edge8.denver1.level3.net (4.68.37.49),9.513333333333334,yahoo-inc.ear3.seattle1.level3.net (4.16.168.186),44.27466666666667,ae-10.pat2.gqb.yahoo.com (209.191.65.51),39.318000000000005,et-19-1-0.msr2.gq1.yahoo.com (66.196.67.111),39.001000000000005,unknown.yahoo.com (66.196.67.121),39.516,unknown.yahoo.com (98.136.158.219),37.714,unknown.yahoo.com (98.136.158.201),39.43,unknown.yahoo.com (98.136.158.173),39.493,lo0.fab4-1-gdc.gq2.yahoo.com (98.136.159.244),38.453,usw1-1-lbc.gq2.yahoo.com (98.136.158.192),39.223,media-router-fp74.prod.media.vip.gq1.yahoo.com (98.137.11.163),38.14366666666667,
apple.com,6.221432685852051,8,100.64.0.1 (100.64.0.1),4.385000000000001,cls2-edge-05.inet.qwest.net (65.144.210.121),9.916333333333334,dvr3-edge-01.inet.qwest.net (205.171.210.5),7.277000000000001,ae-16.edge8.denver1.level3.net (4.68.37.49),7.445,4.14.114.90 (4.14.114.90),9.906666666666666,applescript.apple.com (17.253.144.10),8.3,
glassdoor.com,3.42753005027771,8,100.64.0.1 (100.64.0.1),4.859999999999999,cls2-edge-05.inet.qwest.net (65.144.210.121),7.395666666666667,dvr3-edge-01.inet.qwest.net (205.171.210.5),7.584666666666667,ae-16.edge8.denver1.level3.net (4.68.37.49),15.886333333333335,ae-0-11.bar1.kansascity1.level3.net (4.69.159.201),28.471,4.15.203.102 (4.15.203.102),31.399333333333335,104.17.90.51 (104.17.90.51),32.30233333333334,
facebook.com,3.2897069454193115,9,100.64.0.1 (100.64.0.1),4.2523333333333335,cls2-edge-05.inet.qwest.net (65.144.210.121),7.581666666666666,dvr3-edge-01.inet.qwest.net (205.171.210.5),15.371666666666668,ae-16.edge8.denver1.level3.net (4.68.37.49),7.8883333333333345,ae14.pr02.den4.tfbnw.net (157.240.80.140),12.454666666666666,po102.psw04.den4.tfbnw.net (157.240.48.85),7.7875,po102.psw01.den4.tfbnw.net (157.240.46.155),9.351,173.252.67.7 (173.252.67.7),6.939,173.252.67.107 (173.252.67.107),7.224,173.252.67.111 (173.252.67.111),7.931,edge-star-mini-shv-01-den4.facebook.com (157.240.28.35),7.170333333333335,
youtube.com,5.223968982696533,7,100.64.0.1 (100.64.0.1),3.7206666666666663,cls2-edge-05.inet.qwest.net (65.144.210.121),7.455333333333333,dvr3-edge-01.inet.qwest.net (205.171.210.5),9.711,72.14.213.218 (72.14.213.218),6.871,72.14.219.162 (72.14.219.162),11.85,108.170.252.209 (108.170.252.209),7.974,den08s06-in-f14.1e100.net (142.250.72.14),15.19,142.251.51.221 (142.251.51.221),7.167,108.170.254.81 (108.170.254.81),14.147,
google.com,5.306289911270142,7,100.64.0.1 (100.64.0.1),5.518,cls2-edge-05.inet.qwest.net (65.144.210.121),6.879666666666666,dvr3-edge-01.inet.qwest.net (205.171.210.5),8.237666666666668,72.14.219.162 (72.14.219.162),7.149,72.14.213.218 (72.14.213.218),8.4635,den08s06-in-f14.1e100.net (142.250.72.14),12.885,142.251.61.179 (142.251.61.179),6.798,142.251.51.221 (142.251.51.221),6.609,
twitter.com,6.410527944564819,9,100.64.0.1 (100.64.0.1),3.8160000000000003,cls2-edge-05.inet.qwest.net (65.144.210.121),4.626,dvr3-edge-01.inet.qwest.net (205.171.210.5),6.9366666666666665,ae-16.edge8.denver1.level3.net (4.68.37.49),8.583666666666668,ae-3-5.edge5.dallas3.level3.net (4.69.208.229),23.873,ae-4-15.edge5.dallas3.level3.net (4.69.208.233),23.362,4.59.36.126 (4.59.36.126),24.432666666666666,104.244.42.65 (104.244.42.65),37.48166666666667,
wordpress.com,6.256334066390991,9,100.64.0.1 (100.64.0.1),4.3373333333333335,cls2-edge-05.inet.qwest.net (65.144.210.121),8.393333333333333,dvr3-edge-01.inet.qwest.net (205.171.210.5),8.118333333333334,ae-16.edge8.denver1.level3.net (4.68.37.49),7.988,den-b1-link.ip.twelve99.net (213.248.83.246),11.318,automattic-ic-328544-den-b1.ip.twelve99-cust.net (213.248.83.79),8.920333333333334,192.0.78.9 (192.0.78.9),10.270333333333333,
gmail.com,5.469732046127319,8,100.64.0.1 (100.64.0.1),6.856000000000001,cls2-edge-05.inet.qwest.net (65.144.210.121),4.609,dvr3-edge-01.inet.qwest.net (205.171.210.5),8.121,72.14.213.218 (72.14.213.218),7.542000000000001,108.170.252.209 (108.170.252.209),9.161,142.251.61.181 (142.251.61.181),15.394,142.251.51.220 (142.251.51.220),6.613,142.251.61.183 (142.251.61.183),7.226,den08s05-in-f5.1e100.net (142.250.69.229),7.516,108.170.254.84 (108.170.254.84),8.791,108.170.254.66 (108.170.254.66),7.52,
tripadvisor.com,3.239089012145996,8,100.64.0.1 (100.64.0.1),5.2203333333333335,cls2-edge-05.inet.qwest.net (65.144.210.121),6.433333333333333,dvr3-edge-01.inet.qwest.net (205.171.210.5),9.893333333333333,ae-16.edge8.denver1.level3.net (4.68.37.49),8.615666666666668,ae-118.border1.dnm.edgecastcdn.net (152.199.96.200),7.371,ae-97.border1.dnn.edgecastcdn.net (152.199.97.204),7.797499999999999,ae-65.core1.dna.edgecastcdn.net (152.199.96.129),7.842,ae-66.core1.dna.edgecastcdn.net (152.199.97.129),8.112,192.229.162.112 (192.229.162.112),8.751666666666667,
yahoo.com,6.078216791152954,13,100.64.0.1 (100.64.0.1),4.643666666666667,cls2-edge-05.inet.qwest.net (65.144.210.121),8.412666666666667,dvr3-edge-01.inet.qwest.net (205.171.210.5),9.209666666666667,ae-16.edge8.denver1.level3.net (4.68.37.49),8.169666666666666,yahoo-inc.ear3.seattle1.level3.net (4.16.168.186),37.19433333333333,ae-5.pat1.gqb.yahoo.com (209.191.65.49),40.466,ae-10.pat2.gqb.yahoo.com (209.191.65.51),57.30799999999999,unknown.yahoo.com (66.196.67.119),51.231,et-18-1-0.msr1.gq1.yahoo.com (66.196.67.103),39.153,et-0-0-0.msr2.gq1.yahoo.com (66.196.67.109),40.032,unknown.yahoo.com (98.136.158.219),38.619,unknown.yahoo.com (98.136.158.213),38.829,unknown.yahoo.com (98.136.158.151),39.276,lo0.fab7-1-gdc.gq2.yahoo.com (98.136.159.241),42.596,lo0.fab3-1-gdc.gq2.yahoo.com (98.136.159.245),38.944,lo0.fab1-1-gdc.gq2.yahoo.com (98.136.159.247),38.686,usw1-1-lbc.gq2.yahoo.com (98.136.158.192),39.254,usw2-1-lbc.gq2.yahoo.com (98.136.158.193),38.311499999999995,media-router-fp74.prod.media.vip.gq1.yahoo.com (98.137.11.163),38.931333333333335,
apple.com,6.216986179351807,8,100.64.0.1 (100.64.0.1),4.094333333333333,cls2-edge-05.inet.qwest.net (65.144.210.121),4.911666666666666,dvr3-edge-01.inet.qwest.net (205.171.210.5),11.335,ae-16.edge8.denver1.level3.net (4.68.37.49),11.094,4.14.114.90 (4.14.114.90),10.430333333333333,applescript.apple.com (17.253.144.10),9.004,
glassdoor.com,3.4557058811187744,8,100.64.0.1 (100.64.0.1),3.9179999999999997,cls2-edge-05.inet.qwest.net (65.144.210.121),4.165666666666667,dvr3-edge-01.inet.qwest.net (205.171.210.5),18.009666666666664,ae-16.edge8.denver1.level3.net (4.68.37.49),17.819333333333333,ae-0-11.bar1.kansascity1.level3.net (4.69.159.201),27.314666666666668,4.15.203.102 (4.15.203.102),32.55266666666667,104.17.90.51 (104.17.90.51),31.403000000000002,
facebook.com,3.3283588886260986,9,100.64.0.1 (100.64.0.1),4.014,cls2-edge-05.inet.qwest.net (65.144.210.121),7.144666666666666,dvr3-edge-01.inet.qwest.net (205.171.210.5),7.821666666666666,ae-16.edge8.denver1.level3.net (4.68.37.49),9.701666666666668,ae14.pr02.den4.tfbnw.net (157.240.80.140),12.189333333333332,po102.psw02.den4.tfbnw.net (157.240.46.157),7.858,po102.psw04.den4.tfbnw.net (157.240.48.85),8.088,po102.psw03.den4.tfbnw.net (157.240.46.207),8.014,173.252.67.157 (173.252.67.157),7.663,173.252.67.7 (173.252.67.7),6.83,173.252.67.9 (173.252.67.9),6.907,edge-star-mini-shv-01-den4.facebook.com (157.240.28.35),7.636333333333333,
youtube.com,4.403062105178833,7,100.64.0.1 (100.64.0.1),3.9843333333333333,cls2-edge-05.inet.qwest.net (65.144.210.121),6.995666666666666,dvr3-edge-01.inet.qwest.net (205.171.210.5),9.638,72.14.219.162 (72.14.219.162),7.196,72.14.213.218 (72.14.213.218),6.916,108.170.252.209 (108.170.252.209),8.118,108.170.254.81 (108.170.254.81),9.865,142.251.51.221 (142.251.51.221),9.178,den08s06-in-f14.1e100.net (142.250.72.14),9.262,
google.com,4.3868749141693115,8,100.64.0.1 (100.64.0.1),3.8456666666666663,cls2-edge-05.inet.qwest.net (65.144.210.121),12.581333333333333,dvr3-edge-01.inet.qwest.net (205.171.210.5),12.221666666666666,72.14.213.218 (72.14.213.218),7.622,72.14.219.162 (72.14.219.162),16.321,108.170.252.193 (108.170.252.193),6.968,108.170.252.209 (108.170.252.209),7.915,142.251.51.221 (142.251.51.221),13.512,142.251.61.182 (142.251.61.182),8.36,108.170.254.81 (108.170.254.81),9.869,den08s06-in-f14.1e100.net (142.250.72.14),7.1125,142.251.61.179 (142.251.61.179),8.493,
twitter.com,6.547350883483887,9,100.64.0.1 (100.64.0.1),4.326333333333333,cls2-edge-05.inet.qwest.net (65.144.210.121),8.668333333333333,dvr3-edge-01.inet.qwest.net (205.171.210.5),7.185666666666666,ae-16.edge8.denver1.level3.net (4.68.37.49),7.906333333333333,ae-3-5.edge5.dallas3.level3.net (4.69.208.229),25.222,ae-4-15.edge5.dallas3.level3.net (4.69.208.233),25.0935,4.59.36.126 (4.59.36.126),23.995333333333335,104.244.42.65 (104.244.42.65),41.61033333333334,
wordpress.com,6.279335975646973,9,100.64.0.1 (100.64.0.1),3.960666666666667,cls2-edge-05.inet.qwest.net (65.144.210.121),7.655999999999999,dvr3-edge-01.inet.qwest.net (205.171.210.5),7.555666666666667,ae-16.edge8.denver1.level3.net (4.68.37.49),7.531666666666666,den-b1-link.ip.twelve99.net (213.248.83.246),10.523,automattic-ic-328544-den-b1.ip.twelve99-cust.net (213.248.83.79),7.479666666666667,192.0.78.17 (192.0.78.17),7.057666666666667,
gmail.com,3.3415780067443848,7,100.64.0.1 (100.64.0.1),4.4206666666666665,cls2-edge-05.inet.qwest.net (65.144.210.121),7.174,dvr3-edge-01.inet.qwest.net (205.171.210.5),11.249666666666668,72.14.213.218 (72.14.213.218),9.572333333333333,108.170.252.209 (108.170.252.209),23.08,108.170.252.193 (108.170.252.193),12.700000000000001,142.251.51.220 (142.251.51.220),8.723,142.251.61.181 (142.251.61.181),6.866,den08s05-in-f5.1e100.net (142.250.69.229),7.519,
tripadvisor.com,10.177096128463745,9,100.64.0.1 (100.64.0.1),7.174333333333334,cls2-edge-05.inet.qwest.net (65.144.210.121),8.765,cer-brdr-02.inet.qwest.net (67.14.8.73),29.003666666666664,4.68.74.145 (4.68.74.145),28.801,ae-92.border1.lhm.edgecastcdn.net (152.195.96.212),144.2876666666667,ae-90.core1.lcy.edgecastcdn.net (152.195.96.133),135.06000000000003,192.229.182.112 (192.229.182.112),132.25599999999997,
yahoo.com,7.091867923736572,13,100.64.0.1 (100.64.0.1),5.1866666666666665,cls2-edge-05.inet.qwest.net (65.144.210.121),6.891666666666667,dvr3-edge-01.inet.qwest.net (205.171.210.5),11.369,ae-16.edge8.denver1.level3.net (4.68.37.49),14.857333333333335,yahoo-inc.ear3.seattle1.level3.net (4.16.168.186),38.318333333333335,ae-10.pat2.gqb.yahoo.com (209.191.65.51),41.6025,ae-5.pat1.gqb.yahoo.com (209.191.65.49),41.208,unknown.yahoo.com (66.196.67.119),41.679,unknown.yahoo.com (66.196.67.127),39.535,et-0-0-0.msr1.gq1.yahoo.com (66.196.67.97),43.851,unknown.yahoo.com (98.136.158.173),41.198,unknown.yahoo.com (98.136.158.209),41.782,unknown.yahoo.com (98.136.158.151),48.385,lo0.fab6-1-gdc.gq2.yahoo.com (98.136.159.242),44.702,lo0.fab4-1-gdc.gq2.yahoo.com (98.136.159.244),46.886,lo0.fab3-1-gdc.gq2.yahoo.com (98.136.159.245),39.732,usw1-1-lbc.gq2.yahoo.com (98.136.158.192),44.37,usw2-1-lbc.gq2.yahoo.com (98.136.158.193),43.429500000000004,media-router-fp74.prod.media.vip.gq1.yahoo.com (98.137.11.163),41.44166666666667,
apple.com,6.318879127502441,8,100.64.0.1 (100.64.0.1),9.797666666666666,cls2-edge-05.inet.qwest.net (65.144.210.121),8.260666666666667,dvr3-edge-01.inet.qwest.net (205.171.210.5),13.116999999999999,ae-16.edge8.denver1.level3.net (4.68.37.49),19.685333333333336,4.14.114.90 (4.14.114.90),15.211999999999998,applescript.apple.com (17.253.144.10),16.579,
glassdoor.com,3.5024149417877197,8,100.64.0.1 (100.64.0.1),5.851,cls2-edge-05.inet.qwest.net (65.144.210.121),8.286,dvr3-edge-01.inet.qwest.net (205.171.210.5),10.624666666666668,ae-16.edge8.denver1.level3.net (4.68.37.49),16.742,ae-0-11.bar1.kansascity1.level3.net (4.69.159.201),31.257666666666665,4.15.203.102 (4.15.203.102),33.21733333333333,104.17.91.51 (104.17.91.51),34.952,
facebook.com,3.335364818572998,9,100.64.0.1 (100.64.0.1),6.594666666666666,cls2-edge-05.inet.qwest.net (65.144.210.121),8.393333333333333,dvr3-edge-01.inet.qwest.net (205.171.210.5),8.751666666666665,ae-16.edge8.denver1.level3.net (4.68.37.49),9.201666666666666,ae14.pr02.den4.tfbnw.net (157.240.80.140),10.478,po102.psw04.den4.tfbnw.net (157.240.48.85),8.339500000000001,po102.psw02.den4.tfbnw.net (157.240.46.157),8.4,173.252.67.7 (173.252.67.7),8.738,173.252.67.63 (173.252.67.63),8.521,173.252.67.105 (173.252.67.105),11.148,edge-star-mini-shv-01-den4.facebook.com (157.240.28.35),10.807,
youtube.com,5.345022201538086,7,100.64.0.1 (100.64.0.1),10.964333333333334,cls2-edge-05.inet.qwest.net (65.144.210.121),6.368333333333333,dvr3-edge-01.inet.qwest.net (205.171.210.5),10.747666666666667,72.14.213.218 (72.14.213.218),7.495,72.14.219.162 (72.14.219.162),9.898,142.251.61.179 (142.251.61.179),9.915,108.170.254.81 (108.170.254.81),7.646,den08s06-in-f14.1e100.net (142.250.72.14),10.212,
google.com,5.3020548820495605,7,100.64.0.1 (100.64.0.1),4.060666666666666,cls2-edge-05.inet.qwest.net (65.144.210.121),7.460999999999999,dvr3-edge-01.inet.qwest.net (205.171.210.5),8.855333333333334,72.14.219.162 (72.14.219.162),8.749333333333333,142.251.51.221 (142.251.51.221),9.277,142.251.48.4 (142.251.48.4),8.019,den08s06-in-f14.1e100.net (142.250.72.14),7.822,
twitter.com,6.450555801391602,9,100.64.0.1 (100.64.0.1),5.085999999999999,cls2-edge-05.inet.qwest.net (65.144.210.121),8.863333333333333,dvr3-edge-01.inet.qwest.net (205.171.210.5),10.527999999999999,ae-16.edge8.denver1.level3.net (4.68.37.49),10.578333333333333,ae-4-15.edge5.dallas3.level3.net (4.69.208.233),25.627,ae-3-5.edge5.dallas3.level3.net (4.69.208.229),24.169,4.59.36.126 (4.59.36.126),25.460000000000004,104.244.42.65 (104.244.42.65),37.751,
wordpress.com,6.2169859409332275,9,100.64.0.1 (100.64.0.1),3.6573333333333333,cls2-edge-05.inet.qwest.net (65.144.210.121),6.295333333333335,dvr3-edge-01.inet.qwest.net (205.171.210.5),7.849666666666667,ae-16.edge8.denver1.level3.net (4.68.37.49),8.367333333333333,den-b1-link.ip.twelve99.net (213.248.83.246),9.490666666666668,automattic-ic-328544-den-b1.ip.twelve99-cust.net (213.248.83.79),8.380333333333333,192.0.78.17 (192.0.78.17),7.639333333333333,
gmail.com,5.2437849044799805,8,100.64.0.1 (100.64.0.1),4.107333333333333,cls2-edge-05.inet.qwest.net (65.144.210.121),7.4700000000000015,dvr3-edge-01.inet.qwest.net (205.171.210.5),8.156666666666668,72.14.213.218 (72.14.213.218),7.585000000000001,108.170.252.193 (108.170.252.193),8.824,142.251.61.181 (142.251.61.181),16.117,142.251.48.4 (142.251.48.4),7.284,den08s05-in-f5.1e100.net (142.250.69.229),7.756333333333334,
tripadvisor.com,9.80155324935913,9,100.64.0.1 (100.64.0.1),4.169,cls2-edge-05.inet.qwest.net (65.144.210.121),7.285999999999999,cer-brdr-02.inet.qwest.net (67.14.8.73),27.372333333333334,ae-92.border1.lhm.edgecastcdn.net (152.195.96.212),132.31933333333336,ae-90.core1.lcy.edgecastcdn.net (152.195.96.133),128.17999999999998,192.229.182.112 (192.229.182.112),128.24300000000002,
yahoo.com,4.092408180236816,13,100.64.0.1 (100.64.0.1),3.8206666666666664,cls2-edge-05.inet.qwest.net (65.144.210.121),5.6176666666666675,dvr3-edge-01.inet.qwest.net (205.171.210.5),7.5986666666666665,ae-16.edge8.denver1.level3.net (4.68.37.49),8.492333333333333,ae-2-52.ear3.seattle1.level3.net (4.69.203.169),35.47533333333334,yahoo-inc.ear3.seattle1.level3.net (4.16.168.186),39.88033333333333,ae-10.pat2.gqb.yahoo.com (209.191.65.51),38.281,ae-5.pat1.gqb.yahoo.com (209.191.65.49),39.2715,unknown.yahoo.com (66.196.67.123),58.602,et-19-1-0.msr1.gq1.yahoo.com (66.196.67.99),38.937,unknown.yahoo.com (66.196.67.121),38.772,unknown.yahoo.com (98.136.158.183),40.59,unknown.yahoo.com (98.136.158.201),39.279,et-11-3-2.clr2-a-sat.gq1.yahoo.com (67.195.37.119),44.801,lo0.fab8-1-gdc.gq2.yahoo.com (98.136.159.240),38.911,lo0.fab6-1-gdc.gq2.yahoo.com (98.136.159.242),39.185,lo0.fab4-1-gdc.gq2.yahoo.com (98.136.159.244),39.716,usw1-1-lbc.gq2.yahoo.com (98.136.158.192),39.643,usw2-1-lbc.gq2.yahoo.com (98.136.158.193),38.939,media-router-fp74.prod.media.vip.gq1.yahoo.com (98.137.11.163),38.660333333333334,
apple.com,6.2315027713775635,8,100.64.0.1 (100.64.0.1),4.893666666666667,cls2-edge-05.inet.qwest.net (65.144.210.121),10.627333333333334,dvr3-edge-01.inet.qwest.net (205.171.210.5),7.852333333333334,ae-16.edge8.denver1.level3.net (4.68.37.49),7.475333333333334,4.14.114.90 (4.14.114.90),10.844,applescript.apple.com (17.253.144.10),8.311,
glassdoor.com,3.4100780487060547,8,100.64.0.1 (100.64.0.1),4.358333333333333,cls2-edge-05.inet.qwest.net (65.144.210.121),4.796333333333333,dvr3-edge-01.inet.qwest.net (205.171.210.5),8.299666666666667,ae-16.edge8.denver1.level3.net (4.68.37.49),8.033666666666667,ae-0-11.bar1.kansascity1.level3.net (4.69.159.201),28.266333333333336,4.15.203.102 (4.15.203.102),32.49833333333333,104.17.91.51 (104.17.91.51),33.35,
